A,0.15330980718135834,0.4832206964492798,-1.6348288056633464e-07,0.1976250857114792,0.4631456434726715,-0.021779939532279968,0.2488401085138321,0.4175131320953369,-0.03093179501593113,0.2621667683124542,0.360212117433548,-0.039200641214847565,0.23060822486877441,0.33043143153190613,-0.041843023151159286,0.24586182832717896,0.35279467701911926,0.0025006611831486225,0.2545624077320099,0.3184302747249603,-0.02302059344947338,0.2404869794845581,0.3520701229572296,-0.03353504091501236,0.23068344593048096,0.36646372079849243,-0.035417668521404266,0.2115410715341568,0.3354513347148895,0.003963252063840628,0.21557052433490753,0.30699145793914795,-0.019099220633506775,0.20283083617687225,0.3691529631614685,-0.017744779586791992,0.20483705401420593,0.36838433146476746,-0.009164846502244473,0.17789076268672943,0.3283737301826477,-0.000773822539485991,0.17754429578781128,0.3094140589237213,-0.026825159788131714,0.17286169528961182,0.3656167984008789,-0.015434847213327885,0.17535120248794556,0.36455467343330383,-0.0002701789198908955,0.1415606141090393,0.32535338401794434,-0.007515499833971262,0.1449047029018402,0.3149179220199585,-0.01867123693227768,0.14492622017860413,0.35349056124687195,-0.0066870832815766335,0.14571595191955566,0.35631218552589417,0.006398416124284267
A,0.1262252926826477,0.6726176738739014,-1.9458333611055423e-07,0.16543976962566376,0.6485452651977539,-0.02134249359369278,0.20815247297286987,0.6069488525390625,-0.03031398355960846,0.2125864326953888,0.5593547821044922,-0.037531353533267975,0.1811162382364273,0.5380727052688599,-0.03998565301299095,0.19942790269851685,0.5385564565658569,-0.0034121121279895306,0.2073238641023636,0.5156402587890625,-0.024647485464811325,0.1951761245727539,0.561671793460846,-0.03509354963898659,0.18966610729694366,0.5689259171485901,-0.0393921360373497,0.17114590108394623,0.5291115045547485,-0.0008835532353259623,0.1724066436290741,0.5173478126525879,-0.022040508687496185,0.16579946875572205,0.5721113085746765,-0.025241680443286896,0.1661013811826706,0.5676764249801636,-0.02251509390771389,0.14307911694049835,0.5285964012145996,-0.003002157434821129,0.14067429304122925,0.5214952826499939,-0.025549905374646187,0.13934527337551117,0.5706046223640442,-0.01925642043352127,0.1409343034029007,0.5657739043235779,-0.00968638714402914,0.11381992697715759,0.5302075147628784,-0.006861199624836445,0.11643965542316437,0.5274126529693604,-0.016692522913217545,0.11713110655546188,0.5611499547958374,-0.008335833437740803,0.11575132608413696,0.562282383441925,0.0010035105515271425
A,0.06279577314853668,0.36240434646606445,-2.1824543239290506e-07,0.1098429411649704,0.34736672043800354,-0.031158316880464554,0.16642166674137115,0.30353859066963196,-0.04299165681004524,0.17541605234146118,0.2377198487520218,-0.05088343098759651,0.1420440673828125,0.19884583353996277,-0.05202550068497658,0.17131534218788147,0.22892551124095917,-0.00816058088093996,0.17685909569263458,0.19233904778957367,-0.03429292514920235,0.1581050455570221,0.2436283528804779,-0.046217598021030426,0.1539493054151535,0.2537933588027954,-0.05116923525929451,0.1366896629333496,0.20954252779483795,-0.002955893287435174,0.13787147402763367,0.17869320511817932,-0.029855232685804367,0.1238647848367691,0.24806725978851318,-0.03207075968384743,0.12646448612213135,0.24715249240398407,-0.026823436841368675,0.10158909857273102,0.20091842114925385,-0.003897482994943857,0.098550945520401,0.1781453788280487,-0.03474579378962517,0.09160897135734558,0.2438092827796936,-0.02489328756928444,0.09650195389986038,0.24308109283447266,-0.010477859526872635,0.06413759291172028,0.19575130939483643,-0.007174618076533079,0.06553120911121368,0.18398748338222504,-0.022417863830924034,0.06413573026657104,0.22906902432441711,-0.011264156550168991,0.06588874757289886,0.2325727343559265,0.0015277790371328592
A,0.3941264748573303,0.43906447291374207,-1.4401011583231593e-07,0.4411853551864624,0.4222548007965088,-0.02691572718322277,0.49165910482406616,0.37690025568008423,-0.04140365496277809,0.5106930732727051,0.3169803321361542,-0.05525664985179901,0.4879723787307739,0.2696685492992401,-0.06400873512029648,0.49376240372657776,0.28024953603744507,-0.001222645048983395,0.5032579898834229,0.25517117977142334,-0.03093145787715912,0.49652835726737976,0.29219526052474976,-0.0435282438993454,0.4929281175136566,0.30391252040863037,-0.046765945851802826,0.45875877141952515,0.26104164123535156,0.00023557551321573555,0.46416807174682617,0.24175956845283508,-0.026077499613165855,0.4512154757976532,0.30942144989967346,-0.02522798255085945,0.4520840346813202,0.30115553736686707,-0.016306497156620026,0.42216724157333374,0.25578704476356506,-0.005385661963373423,0.423665851354599,0.25101345777511597,-0.03495323285460472,0.4186168909072876,0.3099522888660431,-0.0223813708871603,0.4200742244720459,0.30156055092811584,-0.006107809953391552,0.3820512890815735,0.2576219141483307,-0.013721590861678123,0.38538265228271484,0.2595980167388916,-0.029817573726177216,0.3880239427089691,0.3015340566635132,-0.018624816089868546,0.3899422287940979,0.3003478944301605,-0.005019277334213257
A,0.37291276454925537,0.6243489384651184,-2.528782658828277e-07,0.41580715775489807,0.6064234972000122,-0.02232874371111393,0.4678071141242981,0.5650476813316345,-0.035296689718961716,0.48689883947372437,0.5145306587219238,-0.04704118147492409,0.45604515075683594,0.4876185953617096,-0.054516781121492386,0.44958198070526123,0.4503418207168579,-0.00979724433273077,0.47042667865753174,0.45000338554382324,-0.03229694068431854,0.45629507303237915,0.5028161406517029,-0.0430506095290184,0.4425466060638428,0.5058308839797974,-0.048640139400959015,0.4157189726829529,0.43509742617607117,-0.009995137341320515,0.43201562762260437,0.4592325985431671,-0.03014799766242504,0.42240479588508606,0.5224753022193909,-0.03287153318524361,0.41579800844192505,0.5083180069923401,-0.030938323587179184,0.38145124912261963,0.440839558839798,-0.014423568733036518,0.3953320384025574,0.4684586226940155,-0.03626327961683273,0.39222243428230286,0.5226622819900513,-0.02868805080652237,0.3856149911880493,0.5105329155921936,-0.01983635500073433,0.3475855588912964,0.45376214385032654,-0.02106294222176075,0.3624451160430908,0.47732770442962646,-0.033322978764772415,0.36533215641975403,0.5162129402160645,-0.025491910055279732,0.3606474995613098,0.5132836699485779,-0.01644214242696762
B,0.13038088381290436,0.5922951698303223,2.5529590175210615e-07,0.1810697466135025,0.5541669130325317,-0.021658943966031075,0.21413691341876984,0.4900802969932556,-0.028011290356516838,0.21641597151756287,0.42532193660736084,-0.03314680978655815,0.18789227306842804,0.3940664827823639,-0.03872238099575043,0.20007935166358948,0.4123415946960449,-0.01055876538157463,0.20933805406093597,0.33939605951309204,-0.025486692786216736,0.20869427919387817,0.29234522581100464,-0.04059280827641487,0.20579174160957336,0.24878019094467163,-0.05223524942994118,0.17099621891975403,0.39694926142692566,-0.011745072901248932,0.17968374490737915,0.31251999735832214,-0.024961179122328758,0.1815391331911087,0.25563114881515503,-0.039529480040073395,0.1816362887620926,0.2073492705821991,-0.050654586404561996,0.14103791117668152,0.3986903429031372,-0.0162285715341568,0.1487278938293457,0.31793856620788574,-0.030288154259324074,0.1532076597213745,0.2647298574447632,-0.0427587665617466,0.15516777336597443,0.22070246934890747,-0.05134625360369682,0.10850714892148972,0.41341617703437805,-0.023033585399389267,0.11457133293151855,0.3507312536239624,-0.0359971709549427,0.11979283392429352,0.309734046459198,-0.04267473891377449,0.123295858502388,0.2742382287979126,-0.047329675406217575
B,0.16117124259471893,0.8807792663574219,2.627189132908825e-07,0.19917884469032288,0.8343421220779419,-0.020847875624895096,0.22359147667884827,0.7710851430892944,-0.028587404638528824,0.21655182540416718,0.7163156867027283,-0.03524953871965408,0.18399743735790253,0.7053946852684021,-0.04201098531484604,0.20432713627815247,0.7011062502861023,-0.01038464717566967,0.2037450075149536,0.6348466873168945,-0.023650523275136948,0.19885064661502838,0.5942612886428833,-0.03785351291298866,0.19286444783210754,0.5558160543441772,-0.0490703359246254,0.1758747547864914,0.694374680519104,-0.011608394794166088,0.17421892285346985,0.6191834211349487,-0.02251007966697216,0.17023426294326782,0.5693231225013733,-0.035479359328746796,0.1656443029642105,0.5243064761161804,-0.04581978917121887,0.14921897649765015,0.702783465385437,-0.015860209241509438,0.14654430747032166,0.6319271922111511,-0.02703893557190895,0.14450432360172272,0.584992527961731,-0.037602752447128296,0.14141863584518433,0.5443729162216187,-0.045122578740119934,0.12179695069789886,0.7233012318611145,-0.02255958877503872,0.11837789416313171,0.6656470894813538,-0.032300397753715515,0.11820799857378006,0.6274704933166504,-0.03725758194923401,0.11725793778896332,0.5936156511306763,-0.041018202900886536
B,0.3289273977279663,0.6499958038330078,3.0575779419450555e-07,0.3853585124015808,0.6091623902320862,-0.02306360937654972,0.41803494095802307,0.5284016728401184,-0.029824595898389816,0.42313432693481445,0.45346781611442566,-0.035607051104307175,0.4035545885562897,0.4120439291000366,-0.04192497953772545,0.393484890460968,0.41824138164520264,-0.01690792292356491,0.3989790380001068,0.324806809425354,-0.035630274564027786,0.39818504452705383,0.2662329077720642,-0.05212433636188507,0.39529916644096375,0.21226023137569427,-0.06466797739267349,0.3584063649177551,0.40589234232902527,-0.02072831615805626,0.36304551362991333,0.2943442463874817,-0.03728896379470825,0.36599671840667725,0.224200040102005,-0.052667178213596344,0.3672513961791992,0.16419166326522827,-0.06414759904146194,0.324613481760025,0.413674533367157,-0.02809848077595234,0.32737913727760315,0.3094354271888733,-0.04510129243135452,0.3323018550872803,0.24191951751708984,-0.05884595587849617,0.3362707793712616,0.18249884247779846,-0.0684158056974411,0.2894648313522339,0.43737533688545227,-0.03811993449926376,0.2901165783405304,0.35739046335220337,-0.05497683957219124,0.2941918671131134,0.3044949769973755,-0.06362861394882202,0.29897016286849976,0.2549517750740051,-0.06948377192020416
B,0.33026397228240967,0.9435219168663025,3.181148144904e-07,0.38190242648124695,0.9030164480209351,-0.030398286879062653,0.41628527641296387,0.8327417969703674,-0.04419183358550072,0.3986565172672272,0.7646446824073792,-0.05568433925509453,0.36090534925460815,0.7342109680175781,-0.06749044358730316,0.400814950466156,0.7218471765518188,-0.025648552924394608,0.4024568498134613,0.6342458724975586,-0.0458655022084713,0.39840930700302124,0.5802754163742065,-0.06422431021928787,0.39385372400283813,0.5281445980072021,-0.07857541739940643,0.36493775248527527,0.7131617665290833,-0.027433892711997032,0.36654460430145264,0.6159039735794067,-0.04510548710823059,0.36528483033180237,0.5509239435195923,-0.0632384866476059,0.3638720214366913,0.49077481031417847,-0.07739489525556564,0.3317090570926666,0.7257517576217651,-0.03278898075222969,0.33263182640075684,0.6328212022781372,-0.05068928375840187,0.3333055078983307,0.5703886151313782,-0.06576094031333923,0.33309823274612427,0.513109028339386,-0.07643136382102966,0.2973630726337433,0.7540590763092041,-0.041273340582847595,0.29678815603256226,0.6798111200332642,-0.05812981724739075,0.2981153726577759,0.6304974555969238,-0.06680549681186676,0.29927873611450195,0.5842676758766174,-0.07289036363363266
B,0.8400068283081055,0.6660293340682983,3.30674595261371e-07,0.7832555770874023,0.6237500309944153,-0.018754445016384125,0.7560518383979797,0.5407124161720276,-0.026645442470908165,0.7707081437110901,0.4653454124927521,-0.03454292565584183,0.7982574105262756,0.43303143978118896,-0.04283427819609642,0.7746352553367615,0.4443044066429138,-0.008088650181889534,0.7701886296272278,0.35516220331192017,-0.023879729211330414,0.7721155285835266,0.30063313245773315,-0.0396445207297802,0.7761335372924805,0.25124913454055786,-0.05268130451440811,0.8135343194007874,0.42995989322662354,-0.013830972835421562,0.8098925948143005,0.3270009458065033,-0.02649829350411892,0.810077428817749,0.2637646496295929,-0.04119336977601051,0.8097394704818726,0.20562374591827393,-0.05329146608710289,0.8494619727134705,0.4357391595840454,-0.02318827249109745,0.8484441637992859,0.33891725540161133,-0.036440398544073105,0.8473028540611267,0.2784566283226013,-0.048022206872701645,0.8456233739852905,0.2231425642967224,-0.057873401790857315,0.8855704069137573,0.4565964341163635,-0.035125482827425,0.8839333057403564,0.38313814997673035,-0.04693074896931648,0.8834019899368286,0.3341330587863922,-0.05241778492927551,0.8818774819374084,0.28753459453582764,-0.057719502598047256
C,0.19107604026794434,0.46869128942489624,1.533753106741642e-07,0.2535852789878845,0.4433141350746155,0.017617473378777504,0.29813024401664734,0.4071846008300781,0.01723533309996128,0.33101680874824524,0.39168524742126465,0.00812304113060236,0.3623146712779999,0.3792532682418823,-0.0004945620894432068,0.2612880766391754,0.2904156446456909,0.02724147029221058,0.28719058632850647,0.22793936729431152,0.015233778394758701,0.3203926980495453,0.2322201281785965,0.0033825524151325226,0.3430924415588379,0.25369274616241455,-0.0032576622907072306,0.2473786622285843,0.28830358386039734,0.006001579575240612,0.28121620416641235,0.2118317037820816,-0.005555171053856611,0.32018664479255676,0.21962139010429382,-0.015034060925245285,0.34206268191337585,0.2487022578716278,-0.01947295293211937,0.2378128170967102,0.2964874505996704,-0.01658504642546177,0.2750372886657715,0.2260647416114807,-0.0267579797655344,0.3164859414100647,0.2332775592803955,-0.029053308069705963,0.34137657284736633,0.2576095163822174,-0.02864930033683777,0.2355048507452011,0.31704288721084595,-0.03891627490520477,0.27294597029685974,0.2695000469684601,-0.047665711492300034,0.30822086334228516,0.26355576515197754,-0.04810953512787819,0.3336227834224701,0.27071401476860046,-0.046392545104026794
C,0.22921502590179443,0.6784275770187378,1.0915186976490077e-07,0.2904322147369385,0.641916036605835,0.016587622463703156,0.3296078145503998,0.6000564098358154,0.012338767759501934,0.3620086908340454,0.5806384682655334,0.0001314515684498474,0.3937514126300812,0.5694117546081543,-0.012231871485710144,0.2804257869720459,0.5119444727897644,0.0072156102396547794,0.31200820207595825,0.44445452094078064,-0.011268964037299156,0.3472471237182617,0.4520505964756012,-0.025979390367865562,0.3700265884399414,0.47477272152900696,-0.034488994628190994,0.26944172382354736,0.5165543556213379,-0.014876451343297958,0.3146957755088806,0.4358574450016022,-0.0329720675945282,0.354788213968277,0.4489694833755493,-0.045641254633665085,0.3748181164264679,0.4789905548095703,-0.05231430009007454,0.26566851139068604,0.5313457250595093,-0.03679543361067772,0.30607709288597107,0.4621467590332031,-0.04858506843447685,0.34672534465789795,0.4682301878929138,-0.052664801478385925,0.3697322607040405,0.49053895473480225,-0.05449880287051201,0.27019816637039185,0.5554155111312866,-0.058284007012844086,0.30077502131462097,0.5055930614471436,-0.06613051891326904,0.33386003971099854,0.49427828192710876,-0.06771062314510345,0.3580571115016937,0.4974287152290344,-0.06836787611246109
C,0.44849857687950134,0.48780643939971924,2.950232769194372e-08,0.5298004746437073,0.45944178104400635,0.045100755989551544,0.5726009607315063,0.4194619357585907,0.056649141013622284,0.6090724468231201,0.4061427712440491,0.05292048677802086,0.648979663848877,0.3990882933139801,0.04765777662396431,0.5179089307785034,0.2858129143714905,0.05930047109723091,0.5721704959869385,0.2288837730884552,0.05857235565781593,0.6118428707122803,0.23463240265846252,0.052704401314258575,0.6403689384460449,0.25485697388648987,0.0474594384431839,0.5065808892250061,0.2789164185523987,0.023455895483493805,0.5721931457519531,0.19877249002456665,0.017226755619049072,0.6189998984336853,0.2158430516719818,0.009572246111929417,0.6467259526252747,0.2552279829978943,0.005749693140387535,0.5065670013427734,0.28681692481040955,-0.012150302529335022,0.5643569231033325,0.19782425463199615,-0.01527287345379591,0.6128548383712769,0.2105824202299118,-0.016609327867627144,0.6427404880523682,0.24076664447784424,-0.01788645051419735,0.5202544331550598,0.30795687437057495,-0.045697666704654694,0.5632244348526001,0.23880046606063843,-0.04950111731886864,0.6020777821540833,0.2315446138381958,-0.04928510636091232,0.631855845451355,0.24090135097503662,-0.04948437213897705
C,0.496428906917572,0.8025092482566833,1.5640981132492016e-07,0.5492575764656067,0.7884979844093323,0.013396385125815868,0.5887939929962158,0.7626221179962158,0.013364470563828945,0.6203649640083313,0.7548999786376953,0.0049959407187998295,0.6524122953414917,0.7515578866004944,-0.00332889542914927,0.5692785978317261,0.6511598825454712,0.03265458345413208,0.5891603231430054,0.5962859988212585,0.02459198236465454,0.6165075302124023,0.593635082244873,0.014148949645459652,0.6358206868171692,0.6087497472763062,0.00808857474476099,0.5592855215072632,0.6445992588996887,0.014435522258281708,0.5805403590202332,0.5746264457702637,0.005869113374501467,0.6140647530555725,0.5776940584182739,-0.0036581656895577908,0.6334959268569946,0.6051371097564697,-0.008192162029445171,0.550355076789856,0.6442201733589172,-0.0059889210388064384,0.574605405330658,0.5710967779159546,-0.013398585841059685,0.6100780963897705,0.5758155584335327,-0.017666010186076164,0.6321515440940857,0.6020824313163757,-0.018573567271232605,0.5456803441047668,0.6530923247337341,-0.02671036310493946,0.5718399882316589,0.5993687510490417,-0.03302785009145737,0.6009482145309448,0.5949586629867554,-0.033992260694503784,0.6220890879631042,0.6082226037979126,-0.032786209136247635
C,0.3495576083660126,0.7977765202522278,2.0897874719594256e-07,0.40604105591773987,0.7798547744750977,0.0038750257808715105,0.449030339717865,0.7540462017059326,-0.0038191569037735462,0.48137152194976807,0.743109941482544,-0.01795809343457222,0.5135008096694946,0.7345499396324158,-0.03159129619598389,0.4326242208480835,0.6444294452667236,0.011991769075393677,0.44455862045288086,0.5740022659301758,-0.0055756052024662495,0.47075381875038147,0.574328601360321,-0.020601212978363037,0.48837554454803467,0.5938026905059814,-0.02842622622847557,0.41758111119270325,0.6418517231941223,-0.003751609940081835,0.43248626589775085,0.560942530632019,-0.020234599709510803,0.4645438492298126,0.5650827288627625,-0.03255287557840347,0.48190709948539734,0.5918573141098022,-0.038275670260190964,0.4029715657234192,0.6469334959983826,-0.022047946229577065,0.421332985162735,0.5690768957138062,-0.03572731092572212,0.4567490816116333,0.5719238519668579,-0.04056264087557793,0.47892552614212036,0.5954184532165527,-0.0408911257982254,0.3912169635295868,0.6621096134185791,-0.04116048291325569,0.41282275319099426,0.6089887619018555,-0.05128973349928856,0.4425690174102783,0.5976894497871399,-0.05354185402393341,0.46531856060028076,0.6026443243026733,-0.05275922268629074
C,0.2889064848423004,0.6472533941268921,1.7691979792289203e-07,0.33729973435401917,0.6011175513267517,0.015592877753078938,0.37242111563682556,0.5588874220848083,0.014244509860873222,0.4017161428928375,0.5331205129623413,0.0037697746884077787,0.4036925435066223,0.4965198040008545,-0.007503851782530546,0.3132234215736389,0.4637784957885742,0.02430909126996994,0.3169156014919281,0.3958481550216675,0.01976156048476696,0.32284238934516907,0.3533669114112854,0.012429635971784592,0.3218752443790436,0.3188399076461792,0.004985732026398182,0.29965317249298096,0.4659830331802368,0.0024167709052562714,0.33907005190849304,0.40546542406082153,-0.014668447896838188,0.3839782476425171,0.4271293878555298,-0.028458578512072563,0.40112820267677307,0.4629979729652405,-0.034540753811597824,0.2924087345600128,0.4775521159172058,-0.019298404455184937,0.3357211649417877,0.4191374182701111,-0.03444686532020569,0.38147640228271484,0.4415680766105652,-0.038517843931913376,0.3998772203922272,0.47434329986572266,-0.03786464035511017,0.29402613639831543,0.4978790581226349,-0.040446687489748,0.3316923677921295,0.44360750913619995,-0.050618819892406464,0.36587315797805786,0.4521804451942444,-0.04954422265291214,0.3821648955345154,0.4757205843925476,-0.04668638855218887
D,0.2654969096183777,0.6439874768257141,1.0048225362879748e-07,0.31872835755348206,0.5951950550079346,0.020034248009324074,0.35116812586784363,0.555405855178833,0.018362373113632202,0.3791583180427551,0.531236469745636,0.007516944315284491,0.3833960294723511,0.49689385294914246,-0.004464649595320225,0.2864703834056854,0.45587098598480225,0.015272199176251888,0.3005708158016205,0.3941745162010193,0.009346967563033104,0.3083488941192627,0.3517424464225769,0.002330864081159234,0.30949515104293823,0.31564950942993164,-0.004915927536785603,0.27251458168029785,0.4591200351715088,-0.008254148997366428,0.3351811468601227,0.40848299860954285,-0.022044356912374496,0.3712591528892517,0.4398255944252014,-0.029401374980807304,0.3794310688972473,0.47521504759788513,-0.032284438610076904,0.27046912908554077,0.4765785038471222,-0.0303716491907835,0.3317130208015442,0.42680519819259644,-0.04248752072453499,0.36619505286216736,0.4582732319831848,-0.037984974682331085,0.3740295469760895,0.4914831519126892,-0.032733310014009476,0.2791234254837036,0.5024154782295227,-0.05155082419514656,0.3244938850402832,0.45519477128982544,-0.05848294496536255,0.3539406955242157,0.46699023246765137,-0.05093873664736748,0.3668162226676941,0.48961806297302246,-0.043848298490047455
D,0.7470698356628418,0.6470396518707275,-1.0854508758484371e-07,0.6712145209312439,0.5946750640869141,0.0014002490788698196,0.6241794228553772,0.5406473875045776,-0.01097847893834114,0.5896890163421631,0.5080592036247253,-0.029928844422101974,0.5764337778091431,0.46751102805137634,-0.04896072670817375,0.6941415071487427,0.4059858024120331,-0.0034185086842626333,0.6705609560012817,0.31650280952453613,-0.023325525224208832,0.6598939299583435,0.26630502939224243,-0.03786458075046539,0.6540749669075012,0.22217164933681488,-0.048852451145648956,0.7153649926185608,0.4135059118270874,-0.02103554643690586,0.6394798755645752,0.3428313434123993,-0.0512174516916275,0.5923066735267639,0.38066667318344116,-0.06446179002523422,0.5764909386634827,0.4223904609680176,-0.06907553225755692,0.7246893048286438,0.43797188997268677,-0.04022962599992752,0.654388427734375,0.3710263967514038,-0.06785015761852264,0.6040245890617371,0.40115886926651,-0.07100743800401688,0.5839370489120483,0.43969354033470154,-0.06755869090557098,0.7222012877464294,0.47521334886550903,-0.05968773737549782,0.6740515232086182,0.418354868888855,-0.07998431473970413,0.6330479383468628,0.4149220585823059,-0.08316066116094589,0.6080225110054016,0.43071508407592773,-0.08114753663539886
D,0.4078734517097473,0.8958467245101929,1.455088636248547e-07,0.46336498856544495,0.8471101522445679,0.011267018504440784,0.49506932497024536,0.7989736795425415,0.005571034271270037,0.5222814083099365,0.7737237215042114,-0.007196798454970121,0.5407997369766235,0.7481310963630676,-0.020656663924455643,0.43435052037239075,0.699914276599884,0.0016117006307467818,0.44996896386146545,0.6326777935028076,-0.008980220183730125,0.4572486877441406,0.5866594314575195,-0.018034299835562706,0.4580157995223999,0.5485700368881226,-0.026421774178743362,0.41845056414604187,0.7058154344558716,-0.0181539636105299,0.48189276456832886,0.6565775275230408,-0.0373031310737133,0.5213228464126587,0.6847156286239624,-0.046134863048791885,0.5343808531761169,0.7181670665740967,-0.04948524385690689,0.41495463252067566,0.7258183360099792,-0.03694727644324303,0.47636887431144714,0.6787440776824951,-0.05310423672199249,0.514194905757904,0.7049874663352966,-0.05056433379650116,0.5268595218658447,0.7373775243759155,-0.04612026736140251,0.42145758867263794,0.7532331943511963,-0.05547880008816719,0.4665980041027069,0.7104846835136414,-0.06480558961629868,0.4977788031101227,0.7186898589134216,-0.05941753834486008,0.5130822062492371,0.7389612197875977,-0.05364491790533066
D,0.1552545726299286,0.5033789873123169,1.6004710801098554e-07,0.20424647629261017,0.45570552349090576,0.011146408505737782,0.24012787640094757,0.41044116020202637,0.00665539875626564,0.268293172121048,0.38115254044532776,-0.006116821430623531,0.269054651260376,0.3439898192882538,-0.019393976777791977,0.16925884783267975,0.3147358000278473,0.012484556995332241,0.1769610494375229,0.24316151440143585,0.0020727976225316525,0.18045054376125336,0.1962609738111496,-0.0073525384068489075,0.17656221985816956,0.15879809856414795,-0.015490313060581684,0.15445414185523987,0.3173089623451233,-0.008086243644356728,0.20470041036605835,0.25905048847198486,-0.030450908467173576,0.2480776160955429,0.2831348180770874,-0.04253698140382767,0.2641388773918152,0.31865763664245605,-0.04677848517894745,0.1480022668838501,0.3289644420146942,-0.02878895401954651,0.20134089887142181,0.27254611253738403,-0.049611981958150864,0.2437649667263031,0.2985728085041046,-0.050951700657606125,0.26141679286956787,0.3323163390159607,-0.04723426327109337,0.15123432874679565,0.34897783398628235,-0.04921616613864899,0.19357985258102417,0.29926544427871704,-0.06383660435676575,0.22944310307502747,0.3073611557483673,-0.06242046132683754,0.2502191960811615,0.3298656642436981,-0.05814994499087334
D,0.2561933100223541,0.7548012733459473,1.3028288492478168e-07,0.3017101585865021,0.6988228559494019,0.008908416144549847,0.32617756724357605,0.655142605304718,0.002710781991481781,0.3472413718700409,0.6316707730293274,-0.009802103973925114,0.36254703998565674,0.6079971790313721,-0.022824279963970184,0.2611601650714874,0.5754570960998535,-0.00038361898623406887,0.2730182111263275,0.5113201141357422,-0.011896025389432907,0.27670997381210327,0.46781691908836365,-0.021121546626091003,0.27532094717025757,0.4313376545906067,-0.02907329611480236,0.24754774570465088,0.5838254690170288,-0.018247971311211586,0.3028242886066437,0.5303559899330139,-0.03801910951733589,0.3385562002658844,0.5523185133934021,-0.0461006686091423,0.35244062542915344,0.5814456939697266,-0.04854460060596466,0.24739155173301697,0.6031606793403625,-0.035440512001514435,0.30141544342041016,0.5540564656257629,-0.0527484156191349,0.33662229776382446,0.5741408467292786,-0.05032363161444664,0.35121291875839233,0.6010295748710632,-0.045314379036426544,0.25748947262763977,0.6278167963027954,-0.05248158797621727,0.2957606911659241,0.5848392248153687,-0.062213312834501266,0.325920045375824,0.5867334008216858,-0.05718725547194481,0.3445766866207123,0.5999248623847961,-0.05145825818181038
E,0.7859036922454834,0.5604241490364075,-2.203957905067e-07,0.7335563898086548,0.5477910041809082,-0.022637557238340378,0.6912611722946167,0.48647192120552063,-0.03639481961727142,0.6729515194892883,0.43154817819595337,-0.05248589813709259,0.6902899742126465,0.40682700276374817,-0.06684882193803787,0.715717613697052,0.36465105414390564,-0.0077020456083118916,0.7156742811203003,0.28696441650390625,-0.0392911359667778,0.7061095237731934,0.2891332805156708,-0.06515097618103027,0.70579594373703,0.3241366744041443,-0.07898847758769989,0.748751163482666,0.3541055917739868,-0.013064182363450527,0.7511236667633057,0.25406843423843384,-0.04683450236916542,0.7402820587158203,0.278846800327301,-0.07109086960554123,0.7386083602905273,0.3276030123233795,-0.08106300979852676,0.7808190584182739,0.357957124710083,-0.023203834891319275,0.7844841480255127,0.267368346452713,-0.049324776977300644,0.7724235653877258,0.2932063639163971,-0.06389313191175461,0.7719147801399231,0.3417953550815582,-0.06789492815732956,0.8156355023384094,0.37494635581970215,-0.0360184907913208,0.8186860680580139,0.3035971224308014,-0.0528385192155838,0.8087241649627686,0.3105269968509674,-0.060813549906015396,0.8061895966529846,0.34461915493011475,-0.06365377455949783
E,0.5755518078804016,0.5029656887054443,-1.6009013847906317e-07,0.5237053036689758,0.48553916811943054,-0.01920291595160961,0.48321086168289185,0.4283207058906555,-0.0314471609890461,0.47078728675842285,0.37201938033103943,-0.04597672447562218,0.48646336793899536,0.3353020250797272,-0.05769827961921692,0.49344122409820557,0.3048340976238251,8.516964044247288e-06,0.48659804463386536,0.23318812251091003,-0.02505643106997013,0.47534823417663574,0.23486684262752533,-0.04664904251694679,0.47891777753829956,0.25821176171302795,-0.0588081032037735,0.525668740272522,0.29099002480506897,-0.006203115917742252,0.5272005200386047,0.19893470406532288,-0.03126819059252739,0.5085510015487671,0.2169083207845688,-0.04704568535089493,0.5064380168914795,0.2588365375995636,-0.05256671458482742,0.5589795708656311,0.29194068908691406,-0.017452970147132874,0.564976155757904,0.20625939965248108,-0.03632704168558121,0.5443732142448425,0.22631540894508362,-0.04243332892656326,0.5428840517997742,0.26737698912620544,-0.04241884499788284,0.594102680683136,0.3073832094669342,-0.031831346452236176,0.5933162569999695,0.24326837062835693,-0.04208051785826683,0.5753586292266846,0.25144529342651367,-0.042732659727334976,0.5719693899154663,0.2831101417541504,-0.0408225916326046
E,0.6792019009590149,0.5111132264137268,-3.3656013442850963e-07,0.6171395182609558,0.4593735933303833,0.012295074760913849,0.6000060439109802,0.39926964044570923,0.012420477345585823,0.5887485146522522,0.3611172139644623,0.004791395738720894,0.578660786151886,0.3461129665374756,-0.0006789354374632239,0.6450165510177612,0.3218553364276886,0.020279329270124435,0.635165274143219,0.23270389437675476,0.00047530955635011196,0.5927560329437256,0.25103721022605896,-0.01171782799065113,0.5823909640312195,0.28915101289749146,-0.016820115968585014,0.6556772589683533,0.3261992335319519,0.0025504138320684433,0.6387791633605957,0.22335252165794373,-0.01963321678340435,0.5897871851921082,0.24566304683685303,-0.028034960851073265,0.5795889496803284,0.285751074552536,-0.028662879019975662,0.6567369103431702,0.33820071816444397,-0.017770271748304367,0.6383351683616638,0.24252811074256897,-0.03494672104716301,0.5907080769538879,0.2601621150970459,-0.03754730522632599,0.5781453251838684,0.2979562282562256,-0.035270318388938904,0.6445120573043823,0.3555191457271576,-0.03798914700746536,0.6219694018363953,0.29203081130981445,-0.04769948124885559,0.5933992862701416,0.29395437240600586,-0.048451464623212814,0.5876251459121704,0.3166307806968689,-0.04680386558175087
E,0.6712753772735596,0.5151544809341431,-3.0573920639653807e-07,0.6104199290275574,0.4617353081703186,0.01151790376752615,0.5905783176422119,0.4009828269481659,0.010136616416275501,0.5783531665802002,0.36208805441856384,0.0009422994335182011,0.5723930597305298,0.3501657545566559,-0.006009893026202917,0.6410989761352539,0.32690292596817017,0.017792444676160812,0.6345095038414001,0.23482242226600647,-0.0026173486839979887,0.5951187610626221,0.2522694766521454,-0.015171925537288189,0.5830625295639038,0.2886345088481903,-0.020512275397777557,0.6513992547988892,0.3316078186035156,-0.00024757516803219914,0.6368619203567505,0.22694793343544006,-0.02185116335749626,0.5909544825553894,0.24711379408836365,-0.02967648021876812,0.580065131187439,0.28719210624694824,-0.0300433486700058,0.6531601548194885,0.34494417905807495,-0.020882679149508476,0.6335165500640869,0.24947330355644226,-0.036845024675130844,0.590225338935852,0.26720279455184937,-0.038538478314876556,0.5787241458892822,0.3049265444278717,-0.035986676812171936,0.6421269178390503,0.36402544379234314,-0.0416405089199543,0.6207236051559448,0.30193859338760376,-0.05187413841485977,0.5956419706344604,0.2999413311481476,-0.05327879264950752,0.5917121767997742,0.3170127868652344,-0.052084993571043015
E,0.20544862747192383,0.5202887058258057,-1.612998801192589e-07,0.24557828903198242,0.47851401567459106,0.02656792476773262,0.2578064799308777,0.42237815260887146,0.03485635668039322,0.26408514380455017,0.38691747188568115,0.0333530493080616,0.2704262137413025,0.36969372630119324,0.03216651454567909,0.23659107089042664,0.3558341860771179,0.025142129510641098,0.22533351182937622,0.2748890519142151,0.01686089299619198,0.2542537450790405,0.27937591075897217,0.012413893826305866,0.26658159494400024,0.30352818965911865,0.011745857074856758,0.22857940196990967,0.3584565818309784,0.002424114616587758,0.21827690303325653,0.2659562826156616,-0.005506341345608234,0.251598984003067,0.2764929234981537,-0.008130485191941261,0.2593499720096588,0.3062339425086975,-0.007524385582655668,0.21813489496707916,0.36525121331214905,-0.02026665396988392,0.20993377268314362,0.2801592946052551,-0.025106292217969894,0.2422410249710083,0.29329055547714233,-0.019363772124052048,0.2517005503177643,0.3210754692554474,-0.013819001615047455,0.20902475714683533,0.37849149107933044,-0.041971802711486816,0.2101770043373108,0.31601306796073914,-0.047954052686691284,0.23530608415603638,0.31903499364852905,-0.04479113593697548,0.24609918892383575,0.33999431133270264,-0.040783658623695374
